{
  "bigboy_elroy": 1772490424.9466357,
  "smart": 1771882748.4665108,
  "interesting": 1771892709.6411781,
  "kiraqueenu": 1771887523.633793,
  "mordraga0": 1772146309.6082797,
  "testuser": 1772090613.9739647,
  "caseuser": 1772091174.0857847
}
