{
  "spicy": 1771070547.978495,
  "TestUser": 1771071035.9626703
}
